motif_id	motif_alt_id	sequence_name	start	stop	strand	score	p-value	q-value	matched_sequence
AGTTTTTGCKKKKKKKKKKKKCACWGTG	MEME-1	M23228_IGLJ6*01_Oryctolagus_cuniculus-like__164	1	28	+	32.2927	3.13e-11	2.35e-10	AGTTTTTGCATGAGTCTGTGTCACTGTG
AGTTTTTGCKKKKKKKKKKKKCACWGTG	MEME-1	M23228_IGLJ6*01_Oryctolagus_cuniculus__378	1	28	+	32.2927	3.13e-11	2.35e-10	AGTTTTTGCATGAGTCTGTGTCACTGTG
AGTTTTTGCKKKKKKKKKKKKCACWGTG	MEME-1	M23228_IGLJ6*01_Oryctolagus_cuniculus__124	1	28	+	32.2927	3.13e-11	2.35e-10	AGTTTTTGCATGAGTCTGTGTCACTGTG
AGTTTTTGCKKKKKKKKKKKKCACWGTG	MEME-1	M23228_IGLJ6*01_Oryctolagus_cuniculus__540	1	28	+	32.2927	3.13e-11	2.35e-10	AGTTTTTGCATGAGTCTGTGTCACTGTG
AGTTTTTGCKKKKKKKKKKKKCACWGTG	MEME-1	M23226_IGLJ5*01_Oryctolagus_cuniculus__539	1	28	+	31.7154	5.72e-11	2.45e-10	AGTTTTTGCATGAGTCTGTGTCACAGTG
AGTTTTTGCKKKKKKKKKKKKCACWGTG	MEME-1	M23226_IGLJ5*01_Oryctolagus_cuniculus__377	1	28	+	31.7154	5.72e-11	2.45e-10	AGTTTTTGCATGAGTCTGTGTCACAGTG
AGTTTTTGCKKKKKKKKKKKKCACWGTG	MEME-1	M23226_IGLJ5*01_Oryctolagus_cuniculus-like__123	1	28	+	31.7154	5.72e-11	2.45e-10	AGTTTTTGCATGAGTCTGTGTCACAGTG
AGTTTTTGCKKKKKKKKKKKKCACWGTG	MEME-1	NW_003159316_IGLJ3*01_Oryctolagus_cuniculus_Thorbecke_inbred-like_2__165	1	28	+	17.7967	3.57e-08	1.34e-07	GGTTTGTGCATGGGGCTGTGTCACTGTG
AGTTTTTGCKKKKKKKKKKKKCACWGTG	MEME-1	NW_003159316_IGLJ1*01_Oryctolagus_cuniculus_Thorbecke_inbred__163	1	28	+	6.53659	3.96e-06	1.32e-05	GGTTTTGGTCCAAGTCTCAGTCACTGTG
AGTTTTTGCKKKKKKKKKKKKCACWGTG	MEME-1	NW_003159316_IGLJ3*01_Oryctolagus_cuniculus_Thorbecke_inbred__541	1	28	+	3.20325	7.74e-06	1.93e-05	GTTTTGTGCATGGGGCTGTGTCACCGTG
AGTTTTTGCKKKKKKKKKKKKCACWGTG	MEME-1	NW_003159316_IGLJ3*01_Oryctolagus_cuniculus_Thorbecke_inbred__379	1	28	+	3.20325	7.74e-06	1.93e-05	GTTTTGTGCATGGGGCTGTGTCACCGTG
AGTTTTTGCKKKKKKKKKKKKCACWGTG	MEME-1	NW_003159316_IGLJ3*01_Oryctolagus_cuniculus_Thorbecke_inbred-like_1__125	1	28	+	3.20325	7.74e-06	1.93e-05	GTTTTGTGCATGGGGCTGTGTCACCGTG
AGTTTTTGCKKKKKKKKKKKKCACWGTG	MEME-1	NW_003159316_IGLJ1*01_Oryctolagus_cuniculus_Thorbecke_inbred__538	1	28	+	0.699187	1.79e-05	3.58e-05	GGTTTTGGTCCGAGTCTCAGTCACCGTG
AGTTTTTGCKKKKKKKKKKKKCACWGTG	MEME-1	NW_003159316_IGLJ1*01_Oryctolagus_cuniculus_Thorbecke_inbred__376	1	28	+	0.699187	1.79e-05	3.58e-05	GGTTTTGGTCCGAGTCTCAGTCACCGTG
AGTTTTTGCKKKKKKKKKKKKCACWGTG	MEME-1	NW_003159316_IGLJ1*01_Oryctolagus_cuniculus_Thorbecke_inbred__122	1	28	+	0.699187	1.79e-05	3.58e-05	GGTTTTGGTCCGAGTCTCAGTCACCGTG

# FIMO (Find Individual Motif Occurrences): Version 5.5.8 compiled on May 19 2025 at 00:20:33
# The format of this file is described at https://meme-suite.org/meme/doc/fimo-output-format.html#tsv_results.
# fimo --thresh 0.0001 --o /content/rabbit_ig_results/tmp/RSS/fimo_output/IGLJ_12 /content/rabbit_ig_results/tmp/RSS/meme_output/IGLJ_12/meme.txt /content/rabbit_ig_results/tmp/RSS/fasta/IGLJ_12.fasta
